el1,id1,pos1,el2,id2,pos2,el3,id3,pos3,el4,id4,pos4,el5,id5,pos5
acDissertation,171,0,iDIdentifierHandle,81,1,,,,,,,,,
acDissertation,171,0,Attachments,20,2,,,,,,,,,
acDissertation,171,0,tiInfoTitle,2,3,,,,,,,,,
acDissertation,171,0,acDissNamePersonal,172,4,namePartGiven,3,1,,,,,,
acDissertation,171,0,acDissNamePersonal,172,4,namePartFamily,30,2,,,,,,
acDissertation,171,0,acDissNamePersonal,172,4,nameRoleTerm,18,8,,,,,,
acDissertation,171,0,acDissNamePersonal,172,4,affilAuIDUNI,1335,9,,,,,,
acDissertation,171,0,acDissNamePersonal,172,4,affilDept,1336,10,,,,,,
acDissertation,171,0,nameTypeCorporate,32,5,namePart,34,1,,,,,,
acDissertation,171,0,nameTypeCorporate,32,5,nameRoleTerm,1314,3,,,,,,
acDissertation,171,0,genreGenre,72,6,,,,,,,,,
acDissertation,171,0,originDateIssued,42,7,,,,,,,,,
acDissertation,171,0,acDissDegree,175,8,dissDegreeName,176,1,,,,,,
acDissertation,171,0,acDissDegree,175,8,dissDegreeDiscipline,178,3,,,,,,
acDissertation,171,0,abstract,5,9,,,,,,,,,
acDissertation,171,0,subjectTopicKeyword,15,10,,,,,,,,,
acDissertation,171,0,noteField,50,11,,,,,,,,,
acDissertation,171,0,typeResc,70,12,,,,,,,,,
acDissertation,171,0,langLanguageTermText,79,13,,,,,,,,,
acDissertation,171,0,copyright,155,22,copyCopyStatement,146,10,,,,,,
acDissertation,171,0,copyright,155,22,accCCStatements,96,11,,,,,,
acETD,1263,0,ezid,1548,1,,,,,,,,,
acETD,1263,0,identifierHDL,1264,2,,,,,,,,,
acETD,1263,0,attachment,1265,3,,,,,,,,,
acETD,1263,0,title,1266,4,,,,,,,,,
acETD,1263,0,namePersonal,1267,5,namePartGiven,1268,1,,,,,,
acETD,1263,0,namePersonal,1267,5,namePartFamily,1269,2,,,,,,
acETD,1263,0,namePersonal,1267,5,role,1270,3,,,,,,
acETD,1263,0,namePersonal,1267,5,nameID,1271,4,,,,,,
acETD,1263,0,namePersonal,1267,5,affiliation,1298,6,,,,,,
acETD,1263,0,namePersonal,1354,6,namePartGiven,1355,1,,,,,,
acETD,1263,0,namePersonal,1354,6,namePartFamily,1356,2,,,,,,
acETD,1263,0,namePersonal,1354,6,role,1357,3,,,,,,
acETD,1263,0,namePersonal,1354,6,nameID,1358,4,,,,,,
acETD,1263,0,namePersonal,1354,6,affiliation,1359,5,,,,,,
acETD,1263,0,nameCorporate,1273,7,namePart,1274,1,,,,,,
acETD,1263,0,nameCorporate,1273,7,role,1275,2,,,,,,
acETD,1263,0,originInfoPlace,1115,8,,,,,,,,,
acETD,1263,0,originInfoPublisher,1116,9,,,,,,,,,
acETD,1263,0,originInfoDateIssued,1278,10,,,,,,,,,
acETD,1263,0,embargo,1550,11,embargoStart,1551,1,,,,,,
acETD,1263,0,embargo,1550,11,embargoLength,1552,2,,,,,,
acETD,1263,0,embargo,1550,11,embargoRelease,1553,3,,,,,,
acETD,1263,0,embargo,1550,11,embargoNote,1554,4,,,,,,
acETD,1263,0,RIOXX,1512,12,Funder,1513,1,,,,,,
acETD,1263,0,RIOXX,1512,12,Grant,1514,2,,,,,,
acETD,1263,0,genre,1283,13,,,,,,,,,
acETD,1263,0,subject,1286,14,,,,,,,,,
acETD,1263,0,FAST,1601,15,FASTSubject,1602,1,,,,,,
acETD,1263,0,FAST,1601,15,FASTURI,1603,2,,,,,,
acETD,1263,0,FASTGeo,1613,16,Geo,1614,1,,,,,,
acETD,1263,0,FASTGeo,1613,16,GeoURI,1615,2,,,,,,
acETD,1263,0,abstract,1284,17,,,,,,,,,
acETD,1263,0,note,1353,18,,,,,,,,,
acETD,1263,0,typeOfResource,1290,19,,,,,,,,,
acETD,1263,0,language,1291,20,,,,,,,,,
acETD,1263,0,degreeInfo,1295,21,degreeName,1296,1,,,,,,
acETD,1263,0,degreeInfo,1295,21,degreeGrantor,1297,2,,,,,,
acETD,1263,0,copyright,1292,22,copyrightNotice,1293,1,,,,,,
acETD,1263,0,copyright,1292,22,creativeCommonsLicense,1294,2,,,,,,
acETD,1263,0,tombstone,1599,23,tombstoneList,1600,1,,,,,,
acMonograph,1102,0,ezid,1548,1,,,,,,,,,
acMonograph,1102,0,identifierHDL,1134,2,,,,,,,,,
acMonograph,1102,0,attachment,1155,3,,,,,,,,,
acMonograph,1102,0,title,1103,6,,,,,,,,,
acMonograph,1102,0,namePersonal,1105,7,namePartGiven,1106,1,,,,,,
acMonograph,1102,0,namePersonal,1105,7,namePartFamily,1107,2,,,,,,
acMonograph,1102,0,namePersonal,1105,7,role,1108,3,,,,,,
acMonograph,1102,0,namePersonal,1105,7,nameID,1109,4,,,,,,
acMonograph,1102,0,namePersonal,1105,7,affiliation,1337,6,,,,,,
acMonograph,1102,0,nameCorporate,1111,8,namePart,1338,2,,,,,,
acMonograph,1102,0,nameCorporate,1111,8,role,1113,3,,,,,,
acMonograph,1102,0,originInfoPlace,1115,9,,,,,,,,,
acMonograph,1102,0,originInfoPublisher,1116,10,,,,,,,,,
acMonograph,1102,0,originInfoDateIssued,1117,11,,,,,,,,,
acMonograph,1102,0,relateditemOtherVersion,1549,12,related_item_title,1177,1,,,,,,
acMonograph,1102,0,relateditemOtherVersion,1549,12,namePersonal,1192,2,namePartGiven,1193,1,,,
acMonograph,1102,0,relateditemOtherVersion,1549,12,namePersonal,1192,2,namePartFamily,1194,2,,,
acMonograph,1102,0,relateditemOtherVersion,1549,12,namePersonal,1192,2,role,1195,3,,,
acMonograph,1102,0,relateditemOtherVersion,1549,12,relatedItemHost,1176,3,related_item_title,1177,1,,,
acMonograph,1102,0,relateditemOtherVersion,1549,12,relatedItemHost,1176,3,namePersonal,1192,2,namePartGiven,1193,1
acMonograph,1102,0,relateditemOtherVersion,1549,12,relatedItemHost,1176,3,namePersonal,1192,2,namePartFamily,1194,2
acMonograph,1102,0,relateditemOtherVersion,1549,12,relatedItemHost,1176,3,namePersonal,1192,2,role,1195,3
acMonograph,1102,0,relateditemOtherVersion,1549,12,relatedItemHost,1176,3,originInfoPlace,1198,3,,,
acMonograph,1102,0,relateditemOtherVersion,1549,12,relatedItemHost,1176,3,originInfoPublisher,1199,4,,,
acMonograph,1102,0,relateditemOtherVersion,1549,12,relatedItemHost,1176,3,originInfoDateIssued,1200,5,,,
acMonograph,1102,0,relateditemOtherVersion,1549,12,relatedItemHost,1176,3,originInfoEdition,1509,6,,,
acMonograph,1102,0,relateditemOtherVersion,1549,12,relatedItemHost,1176,3,partExtentPageStart,1202,7,,,
acMonograph,1102,0,relateditemOtherVersion,1549,12,relatedItemHost,1176,3,partExtentPageEnd,1203,8,,,
acMonograph,1102,0,relateditemOtherVersion,1549,12,relatedItemHost,1176,3,identifierDOI,1206,9,,,
acMonograph,1102,0,relateditemOtherVersion,1549,12,relatedItemHost,1176,3,identifierURI,1456,10,,,
acMonograph,1102,0,relateditemOtherVersion,1549,12,relatedItemHost,1176,3,identifierISBN,1211,11,,,
acMonograph,1102,0,relateditemOtherVersion,1549,12,relatedItemHost,1176,3,relatedItemSeries,1212,12,host_title,1213,1
acMonograph,1102,0,relateditemOtherVersion,1549,12,relatedItemHost,1176,3,relatedItemSeries,1212,12,partNumber,1214,2
acMonograph,1102,0,relateditemOtherVersion,1549,12,relatedItemHost,1176,3,relatedItemSeries,1212,12,identifierISSN,1215,3
acMonograph,1102,0,relateditemOtherVersion,1549,12,relatedItemHost,1176,3,relatedItemSeries,1212,12,seriesID,1429,4
acMonograph,1102,0,embargo,1550,13,embargoStart,1551,1,,,,,,
acMonograph,1102,0,embargo,1550,13,embargoLength,1552,2,,,,,,
acMonograph,1102,0,embargo,1550,13,embargoRelease,1553,3,,,,,,
acMonograph,1102,0,embargo,1550,13,embargoNote,1554,4,,,,,,
acMonograph,1102,0,relatedItemSeries,1118,14,related_item_series_title,1119,1,,,,,,
acMonograph,1102,0,relatedItemSeries,1118,14,partNumber,1120,2,,,,,,
acMonograph,1102,0,relatedItemSeries,1118,14,identifierISSN,1210,3,,,,,,
acMonograph,1102,0,relatedItemSeries,1118,14,seriesID,1363,4,,,,,,
acMonograph,1102,0,RIOXX,1512,15,Funder,1513,1,,,,,,
acMonograph,1102,0,RIOXX,1512,15,Grant,1514,2,,,,,,
acMonograph,1102,0,relatedItemLink,1510,16,locationURL,1511,1,,,,,,
acMonograph,1102,0,genre,1114,17,,,,,,,,,
acMonograph,1102,0,subject,1262,18,,,,,,,,,
acMonograph,1102,0,FAST,1601,19,FASTSubject,1602,1,,,,,,
acMonograph,1102,0,FAST,1601,19,FASTURI,1603,2,,,,,,
acMonograph,1102,0,FASTGeo,1604,20,Geo,1605,1,,,,,,
acMonograph,1102,0,FASTGeo,1604,20,GeoURI,1606,2,,,,,,
acMonograph,1102,0,abstract,1122,21,,,,,,,,,
acMonograph,1102,0,note,1353,22,,,,,,,,,
acMonograph,1102,0,tableOfContents,1124,23,,,,,,,,,
acMonograph,1102,0,typeOfResource,1136,24,,,,,,,,,
acMonograph,1102,0,language,1130,25,,,,,,,,,
acMonograph,1102,0,copyright,1131,26,copyrightNotice,1132,1,,,,,,
acMonograph,1102,0,copyright,1131,26,creativeCommonsLicense,1133,2,,,,,,
acMonograph,1102,0,tombstone,1599,27,tombstoneList,1600,1,,,,,,
acMonographPart,1160,0,ezid,1548,1,,,,,,,,,
acMonographPart,1160,0,identifierHDL,1161,2,,,,,,,,,
acMonographPart,1160,0,attachment,1162,3,,,,,,,,,
acMonographPart,1160,0,title,1163,4,,,,,,,,,
acMonographPart,1160,0,namePersonal,1164,5,namePartGiven,1165,1,,,,,,
acMonographPart,1160,0,namePersonal,1164,5,namePartFamily,1166,2,,,,,,
acMonographPart,1160,0,namePersonal,1164,5,role,1167,3,,,,,,
acMonographPart,1160,0,namePersonal,1164,5,nameID,1168,4,,,,,,
acMonographPart,1160,0,namePersonal,1164,5,affiliation,1345,6,,,,,,
acMonographPart,1160,0,nameCorporate,1170,6,namePart,1346,2,,,,,,
acMonographPart,1160,0,nameCorporate,1170,6,role,1172,3,,,,,,
acMonographPart,1160,0,originInfoDateIssued,1175,8,,,,,,,,,
acMonographPart,1160,0,originInfoEdition,1508,9,,,,,,,,,
acMonographPart,1160,0,relatedItemHost,1176,10,related_item_title,1177,1,,,,,,
acMonographPart,1160,0,relatedItemHost,1176,10,namePersonal,1192,2,namePartGiven,1193,1,,,
acMonographPart,1160,0,relatedItemHost,1176,10,namePersonal,1192,2,namePartFamily,1194,2,,,
acMonographPart,1160,0,relatedItemHost,1176,10,namePersonal,1192,2,role,1195,3,,,
acMonographPart,1160,0,relatedItemHost,1176,10,originInfoPlace,1198,3,,,,,,
acMonographPart,1160,0,relatedItemHost,1176,10,originInfoPublisher,1199,4,,,,,,
acMonographPart,1160,0,relatedItemHost,1176,10,originInfoDateIssued,1200,5,,,,,,
acMonographPart,1160,0,relatedItemHost,1176,10,originInfoEdition,1509,6,,,,,,
acMonographPart,1160,0,relatedItemHost,1176,10,partExtentPageStart,1202,7,,,,,,
acMonographPart,1160,0,relatedItemHost,1176,10,partExtentPageEnd,1203,8,,,,,,
acMonographPart,1160,0,relatedItemHost,1176,10,identifierDOI,1206,9,,,,,,
acMonographPart,1160,0,relatedItemHost,1176,10,identifierURI,1456,10,,,,,,
acMonographPart,1160,0,relatedItemHost,1176,10,identifierISBN,1211,11,,,,,,
acMonographPart,1160,0,relatedItemHost,1176,10,relatedItemSeries,1212,12,host_title,1213,1,,,
acMonographPart,1160,0,relatedItemHost,1176,10,relatedItemSeries,1212,12,partNumber,1214,2,,,
acMonographPart,1160,0,relatedItemHost,1176,10,relatedItemSeries,1212,12,identifierISSN,1215,3,,,
acMonographPart,1160,0,relatedItemHost,1176,10,relatedItemSeries,1212,12,seriesID,1429,4,,,
acMonographPart,1160,0,RIOXX,1512,13,Funder,1513,1,,,,,,
acMonographPart,1160,0,RIOXX,1512,13,Grant,1514,2,,,,,,
acMonographPart,1160,0,genre,1179,14,,,,,,,,,
acMonographPart,1160,0,subject,1183,15,,,,,,,,,
acMonographPart,1160,0,FAST,1601,16,FASTSubject,1602,1,,,,,,
acMonographPart,1160,0,FAST,1601,16,FASTURI,1603,2,,,,,,
acMonographPart,1160,0,FASTGeo,1607,17,Geo,1608,1,,,,,,
acMonographPart,1160,0,FASTGeo,1607,17,GeoURI,1609,2,,,,,,
acMonographPart,1160,0,abstract,1180,18,,,,,,,,,
acMonographPart,1160,0,note,1181,19,,,,,,,,,
acMonographPart,1160,0,typeOfResource,1186,20,,,,,,,,,
acMonographPart,1160,0,language,1187,21,,,,,,,,,
acMonographPart,1160,0,copyright,1188,22,copyrightNotice,1189,1,,,,,,
acMonographPart,1160,0,copyright,1188,22,creativeCommonsLicense,1190,2,,,,,,
acMonographPart,1160,0,tombstone,1599,23,tombstoneList,1600,1,,,,,,
acPubArticle,99,0,identifierHDL,1327,1,,,,,,,,,
acPubArticle,99,0,Attachments,20,2,,,,,,,,,
acPubArticle,99,0,tiInfoTitle,2,3,,,,,,,,,
acPubArticle,99,0,nameAffil,170,4,namePartGiven,3,1,,,,,,
acPubArticle,99,0,nameAffil,170,4,namePartFamily,30,2,,,,,,
acPubArticle,99,0,nameAffil,170,4,nameRoleTerm,1315,3,,,,,,
acPubArticle,99,0,nameAffil,170,4,affilAuIDUNI,1311,4,,,,,,
acPubArticle,99,0,nameAffil,170,4,affilDept,1312,5,,,,,,
acPubArticle,99,0,nameTypeCorporate,1328,5,namePart,1329,1,,,,,,
acPubArticle,99,0,nameTypeCorporate,1328,5,nameRoleTerm,1330,2,,,,,,
acPubArticle,99,0,originDateIssued,42,6,,,,,,,,,
acPubArticle,99,0,relatedArticleHost,98,7,tiInfoTitle,2,1,,,,,,
acPubArticle,99,0,relatedArticleHost,98,7,partVolume,84,3,,,,,,
acPubArticle,99,0,relatedArticleHost,98,7,partIssue,85,4,,,,,,
acPubArticle,99,0,relatedArticleHost,98,7,partExtentStart,86,5,,,,,,
acPubArticle,99,0,relatedArticleHost,98,7,partExtentEnd,87,6,,,,,,
acPubArticle,99,0,relatedArticleHost,98,7,partDateYear,88,8,,,,,,
acPubArticle,99,0,relatedArticleHost,98,7,iDIdentifierISSN,97,10,,,,,,
acPubArticle,99,0,genreGenre,72,8,,,,,,,,,
acPubArticle,99,0,subjectTopicKeyword,15,9,,,,,,,,,
acPubArticle,99,0,abstract,5,10,,,,,,,,,
acPubArticle,99,0,noteField,50,11,,,,,,,,,
acPubArticle,99,0,identifierDOI,1333,12,,,,,,,,,
acPubArticle,99,0,typeResc,70,14,,,,,,,,,
acPubArticle,99,0,langLanguageTermText,79,15,,,,,,,,,
acPubArticle,99,0,copyright,155,24,copyCopyStatement,146,10,,,,,,
acPubArticle,99,0,copyright,155,24,accCCStatements,96,11,,,,,,
acPubArticle10,325,0,identifierHDL,1089,1,,,,,,,,,
acPubArticle10,325,0,Attachments,387,2,,,,,,,,,
acPubArticle10,325,0,tiInfoTitle,326,3,,,,,,,,,
acPubArticle10,325,0,nameAffil,328,4,namePartGiven,329,1,,,,,,
acPubArticle10,325,0,nameAffil,328,4,namePartFamily,330,2,,,,,,
acPubArticle10,325,0,nameAffil,328,4,nameRoleTerm,331,3,,,,,,
acPubArticle10,325,0,nameAffil,328,4,affilAuIDUNI,1087,4,,,,,,
acPubArticle10,325,0,nameAffil,328,4,affilDept,1321,7,,,,,,
acPubArticle10,325,0,nameTypeCorporate,1322,5,namePart,1323,1,,,,,,
acPubArticle10,325,0,nameTypeCorporate,1322,5,nameRoleTerm,1324,2,,,,,,
acPubArticle10,325,0,originDateIssued,343,6,,,,,,,,,
acPubArticle10,325,0,originInfoEdition,1332,7,,,,,,,,,
acPubArticle10,325,0,relatedArticleHost,353,8,tiInfoTitle,354,1,,,,,,
acPubArticle10,325,0,relatedArticleHost,353,8,partVolume,355,2,,,,,,
acPubArticle10,325,0,relatedArticleHost,353,8,partIssue,356,3,,,,,,
acPubArticle10,325,0,relatedArticleHost,353,8,partExtentStart,357,4,,,,,,
acPubArticle10,325,0,relatedArticleHost,353,8,partExtentEnd,358,5,,,,,,
acPubArticle10,325,0,relatedArticleHost,353,8,partDateYear,359,6,,,,,,
acPubArticle10,325,0,relatedArticleHost,353,8,iDIdentifierISSN,1326,8,,,,,,
acPubArticle10,325,0,genreGenre,342,9,,,,,,,,,
acPubArticle10,325,0,abstract,348,10,,,,,,,,,
acPubArticle10,325,0,noteField,349,11,,,,,,,,,
acPubArticle10,325,0,identifierDOI,1334,12,,,,,,,,,
acPubArticle10,325,0,subjectTopicKeyword,350,13,,,,,,,,,
acPubArticle10,325,0,typeResc,341,14,,,,,,,,,
acPubArticle10,325,0,langLanguageTermText,344,15,,,,,,,,,
acPubArticle10,325,0,copyright,367,21,copyCopyStatement,376,1,,,,,,
acPubArticle10,325,0,copyright,367,21,accCCStatements,375,8,,,,,,
acSerialPart,1216,0,ezid,1548,1,,,,,,,,,
acSerialPart,1216,0,identifierHDL,1217,2,,,,,,,,,
acSerialPart,1216,0,attachment,1218,3,,,,,,,,,
acSerialPart,1216,0,title,1219,4,,,,,,,,,
acSerialPart,1216,0,namePersonal,1220,5,namePartGiven,1221,1,,,,,,
acSerialPart,1216,0,namePersonal,1220,5,namePartFamily,1222,2,,,,,,
acSerialPart,1216,0,namePersonal,1220,5,role,1223,3,,,,,,
acSerialPart,1216,0,namePersonal,1220,5,nameID,1224,4,,,,,,
acSerialPart,1216,0,namePersonal,1220,5,affiliation,1351,6,,,,,,
acSerialPart,1216,0,nameCorporate,1226,6,namePart,1352,2,,,,,,
acSerialPart,1216,0,nameCorporate,1226,6,role,1228,3,,,,,,
acSerialPart,1216,0,originInfoPlace,1115,7,,,,,,,,,
acSerialPart,1216,0,originInfoPublisher,1116,8,,,,,,,,,
acSerialPart,1216,0,originInfoDateIssued,1229,9,,,,,,,,,
acSerialPart,1216,0,embargo,1550,10,embargoStart,1551,1,,,,,,
acSerialPart,1216,0,embargo,1550,10,embargoLength,1552,2,,,,,,
acSerialPart,1216,0,embargo,1550,10,embargoRelease,1553,3,,,,,,
acSerialPart,1216,0,embargo,1550,10,embargoNote,1554,4,,,,,,
acSerialPart,1216,0,originInfoEdition,1230,11,,,,,,,,,
acSerialPart,1216,0,relatedItemHost,1231,12,host_title,1232,1,,,,,,
acSerialPart,1216,0,relatedItemHost,1231,12,partDetailVolume,1258,2,,,,,,
acSerialPart,1216,0,relatedItemHost,1231,12,partDetailIssue,1259,3,,,,,,
acSerialPart,1216,0,relatedItemHost,1231,12,partExtentPageStart,1240,6,,,,,,
acSerialPart,1216,0,relatedItemHost,1231,12,partExtentPageEnd,1241,7,,,,,,
acSerialPart,1216,0,relatedItemHost,1231,12,partDate,1261,8,,,,,,
acSerialPart,1216,0,relatedItemHost,1231,12,identifierDOI,1242,9,,,,,,
acSerialPart,1216,0,relatedItemHost,1231,12,identifierISSN,1260,10,,,,,,
acSerialPart,1216,0,RIOXX,1512,13,Funder,1513,1,,,,,,
acSerialPart,1216,0,RIOXX,1512,13,Grant,1514,2,,,,,,
acSerialPart,1216,0,genre,1248,14,,,,,,,,,
acSerialPart,1216,0,subject,1252,15,,,,,,,,,
acSerialPart,1216,0,FAST,1601,16,FASTSubject,1602,1,,,,,,
acSerialPart,1216,0,FAST,1601,16,FASTURI,1603,2,,,,,,
acSerialPart,1216,0,FASTGeo,1610,17,Geo,1611,1,,,,,,
acSerialPart,1216,0,FASTGeo,1610,17,GeoURI,1612,2,,,,,,
acSerialPart,1216,0,abstract,1249,18,,,,,,,,,
acSerialPart,1216,0,note,1250,19,,,,,,,,,
acSerialPart,1216,0,typeOfResource,1253,20,,,,,,,,,
acSerialPart,1216,0,language,1254,21,,,,,,,,,
acSerialPart,1216,0,copyright,1255,22,copyrightNotice,1256,1,,,,,,
acSerialPart,1216,0,copyright,1255,22,creativeCommonsLicense,1257,2,,,,,,
acSerialPart,1216,0,tombstone,1599,23,tombstoneList,1600,1,,,,,,
acTypeAV,519,0,iDIdentifierHandle,563,1,,,,,,,,,
acTypeAV,519,0,Attachment,586,2,,,,,,,,,
acTypeAV,519,0,tiInfoTitle,520,3,,,,,,,,,
acTypeAV,519,0,nameAffil,522,4,namePartGiven,523,1,,,,,,
acTypeAV,519,0,nameAffil,522,4,namePartFamily,524,2,,,,,,
acTypeAV,519,0,nameAffil,522,4,nameRoleTerm,525,4,,,,,,
acTypeAV,519,0,nameAffil,522,4,nameID,1427,5,,,,,,
acTypeAV,519,0,nameAffil,522,4,affiliation,1428,6,,,,,,
acTypeAV,519,0,nameTypeCorporate,535,5,namePart,536,1,,,,,,
acTypeAV,519,0,nameTypeCorporate,535,5,nameRoleTerm,537,2,,,,,,
acTypeAV,519,0,relatedItemSeries,1422,6,title,1423,1,,,,,,
acTypeAV,519,0,relatedItemSeries,1422,6,partNumber,1424,2,,,,,,
acTypeAV,519,0,relatedItemSeries,1422,6,identifierISSN,1425,3,,,,,,
acTypeAV,519,0,relatedItemSeries,1422,6,seriesID,1426,4,,,,,,
acTypeAV,519,0,originPlaceText,40,7,,,,,,,,,
acTypeAV,519,0,originPublisher,547,8,,,,,,,,,
acTypeAV,519,0,originDateIssued,548,9,,,,,,,,,
acTypeAV,519,0,genreGenre,542,10,,,,,,,,,
acTypeAV,519,0,subjectTopicKeyword,559,11,,,,,,,,,
acTypeAV,519,0,abstract,554,12,,,,,,,,,
acTypeAV,519,0,noteField,557,13,,,,,,,,,
acTypeAV,519,0,typeResc,541,15,,,,,,,,,
acTypeAV,519,0,langLanguageTermText,550,16,,,,,,,,,
acTypeBook,122,0,iDIdentifierHandle,81,1,,,,,,,,,
acTypeBook,122,0,Attachments,20,2,,,,,,,,,
acTypeBook,122,0,tiInfoTitle,2,3,,,,,,,,,
acTypeBook,122,0,nameAffil,170,4,namePartGiven,3,1,,,,,,
acTypeBook,122,0,nameAffil,170,4,namePartFamily,30,2,,,,,,
acTypeBook,122,0,nameAffil,170,4,nameRoleTerm,1315,3,,,,,,
acTypeBook,122,0,nameAffil,170,4,affilAuIDUNI,1311,4,,,,,,
acTypeBook,122,0,nameAffil,170,4,affilDept,1312,5,,,,,,
acTypeBook,122,0,nameTypeCorporate,32,5,namePart,34,1,,,,,,
acTypeBook,122,0,nameTypeCorporate,32,5,nameRoleTerm,1314,3,,,,,,
acTypeBook,122,0,genreGenre,72,7,,,,,,,,,
acTypeBook,122,0,originPlaceText,1339,8,,,,,,,,,
acTypeBook,122,0,originPublisher,9,9,,,,,,,,,
acTypeBook,122,0,originDateIssued,42,10,,,,,,,,,
acTypeBook,122,0,relatedItemSeries,1340,12,tiInfoTitle,1341,1,,,,,,
acTypeBook,122,0,relatedItemSeries,1340,12,partNumber,1342,2,,,,,,
acTypeBook,122,0,relatedItemSeries,1340,12,iDIdentifierISSN,1343,3,,,,,,
acTypeBook,122,0,relatedItemSeries,1340,12,seriesID,1366,4,,,,,,
acTypeBook,122,0,abstract,5,18,,,,,,,,,
acTypeBook,122,0,subjectTopic,145,19,,,,,,,,,
acTypeBook,122,0,noteField,50,20,,,,,,,,,
acTypeBook,122,0,identifierDOI,1344,22,,,,,,,,,
acTypeBook,122,0,iDIdentifierISBN,123,23,,,,,,,,,
acTypeBook,122,0,typeResc,70,26,,,,,,,,,
acTypeBook,122,0,langLanguageTermText,79,27,,,,,,,,,
acTypeBook,122,0,copyright,155,31,copyCopyStatement,146,10,,,,,,
acTypeBook,122,0,copyright,155,31,accCCStatements,96,11,,,,,,
acTypeBook10,662,0,iDIdentifierHandle,706,1,,,,,,,,,
acTypeBook10,662,0,Attachments,728,2,,,,,,,,,
acTypeBook10,662,0,tiInfoTitle,663,3,,,,,,,,,
acTypeBook10,662,0,nameAffil,665,4,namePartGiven,666,1,,,,,,
acTypeBook10,662,0,nameAffil,665,4,namePartFamily,667,2,,,,,,
acTypeBook10,662,0,nameAffil,665,4,nameRoleTerm,668,4,,,,,,
acTypeBook10,662,0,nameAffil,665,4,affilAuIDUNI,1093,6,,,,,,
acTypeBook10,662,0,nameAffil,665,4,affilDept,1094,7,,,,,,
acTypeBook10,662,0,nameTypeCorporate,678,5,namePart,679,1,,,,,,
acTypeBook10,662,0,nameTypeCorporate,678,5,nameRoleTerm,680,2,,,,,,
acTypeBook10,662,0,genreGenre,685,6,,,,,,,,,
acTypeBook10,662,0,originPlaceText,40,8,,,,,,,,,
acTypeBook10,662,0,originPublisher,690,9,,,,,,,,,
acTypeBook10,662,0,originDateIssued,691,10,,,,,,,,,
acTypeBook10,662,0,relatedItemSeries,1096,12,tiInfoTitle,1097,1,,,,,,
acTypeBook10,662,0,relatedItemSeries,1096,12,partNumber,1098,2,,,,,,
acTypeBook10,662,0,relatedItemSeries,1096,12,iDIdentifierISSN,1099,3,,,,,,
acTypeBook10,662,0,relatedItemSeries,1096,12,seriesID,1419,4,,,,,,
acTypeBook10,662,0,abstract,697,16,,,,,,,,,
acTypeBook10,662,0,subjectTopic,701,17,,,,,,,,,
acTypeBook10,662,0,noteField,700,18,,,,,,,,,
acTypeBook10,662,0,identifierDOI,1095,23,,,,,,,,,
acTypeBook10,662,0,iDIdentifierISBN,707,25,,,,,,,,,
acTypeBook10,662,0,typeResc,684,26,,,,,,,,,
acTypeBook10,662,0,langLanguageTermText,693,27,,,,,,,,,
acTypeBook10,662,0,copyright,709,29,copyCopyStatement,718,1,,,,,,
acTypeBook10,662,0,copyright,709,29,accCCStatements,717,2,,,,,,
acTypeBookChapter,182,0,iDIdentifierHandle,1347,1,,,,,,,,,
acTypeBookChapter,182,0,Attachments,20,2,,,,,,,,,
acTypeBookChapter,182,0,tiInfoTitle,2,3,,,,,,,,,
acTypeBookChapter,182,0,nameAffil,170,4,namePartGiven,3,1,,,,,,
acTypeBookChapter,182,0,nameAffil,170,4,namePartFamily,30,2,,,,,,
acTypeBookChapter,182,0,nameAffil,170,4,nameRoleTerm,1315,3,,,,,,
acTypeBookChapter,182,0,nameAffil,170,4,affilAuIDUNI,1311,4,,,,,,
acTypeBookChapter,182,0,nameAffil,170,4,affilDept,1312,5,,,,,,
acTypeBookChapter,182,0,nameTypeCorporate,32,5,namePart,34,1,,,,,,
acTypeBookChapter,182,0,nameTypeCorporate,32,5,nameRoleTerm,1314,3,,,,,,
acTypeBookChapter,182,0,originDateIssued,42,6,,,,,,,,,
acTypeBookChapter,182,0,relatedBkChptrHost,181,7,tiInfoTitle,2,1,,,,,,
acTypeBookChapter,182,0,relatedBkChptrHost,181,7,acNamePersonalShort,183,3,namePartFamily,30,1,,,
acTypeBookChapter,182,0,relatedBkChptrHost,181,7,acNamePersonalShort,183,3,namePartGiven,3,2,,,
acTypeBookChapter,182,0,relatedBkChptrHost,181,7,acNamePersonalShort,183,3,nameRoleTerm,18,3,,,
acTypeBookChapter,182,0,relatedBkChptrHost,181,7,originPlaceText,1348,5,,,,,,
acTypeBookChapter,182,0,relatedBkChptrHost,181,7,originPublisher,9,6,,,,,,
acTypeBookChapter,182,0,relatedBkChptrHost,181,7,originDateIssued,42,7,,,,,,
acTypeBookChapter,182,0,relatedBkChptrHost,181,7,partExtentStart,86,11,,,,,,
acTypeBookChapter,182,0,relatedBkChptrHost,181,7,partExtentEnd,87,12,,,,,,
acTypeBookChapter,182,0,relatedBkChptrHost,181,7,identifierDOI,1350,13,,,,,,
acTypeBookChapter,182,0,relatedBkChptrHost,181,7,iDIdentifierISBN,123,14,,,,,,
acTypeBookChapter,182,0,genreGenre,72,8,,,,,,,,,
acTypeBookChapter,182,0,subjectTopicKeyword,15,9,,,,,,,,,
acTypeBookChapter,182,0,abstract,5,10,,,,,,,,,
acTypeBookChapter,182,0,noteField,50,11,,,,,,,,,
acTypeBookChapter,182,0,typeResc,70,13,,,,,,,,,
acTypeBookChapter,182,0,langLanguageTermText,79,14,,,,,,,,,
acTypeBookChapter,182,0,copyright,155,24,copyCopyStatement,146,10,,,,,,
acTypeBookChapter,182,0,copyright,155,24,accCCStatements,96,11,,,,,,
acTypeBookChapter10,729,0,iDIdentifierHandle,1316,1,,,,,,,,,
acTypeBookChapter10,729,0,Attachments,807,2,,,,,,,,,
acTypeBookChapter10,729,0,tiInfoTitle,730,3,,,,,,,,,
acTypeBookChapter10,729,0,nameAffil,732,4,namePartGiven,733,1,,,,,,
acTypeBookChapter10,729,0,nameAffil,732,4,namePartFamily,734,2,,,,,,
acTypeBookChapter10,729,0,nameAffil,732,4,nameRoleTerm,735,4,,,,,,
acTypeBookChapter10,729,0,nameAffil,732,4,affilAuIDUNI,1317,5,,,,,,
acTypeBookChapter10,729,0,nameAffil,732,4,affilDept,1318,6,,,,,,
acTypeBookChapter10,729,0,nameTypeCorporate,745,5,namePart,746,1,,,,,,
acTypeBookChapter10,729,0,nameTypeCorporate,745,5,nameRoleTerm,747,2,,,,,,
acTypeBookChapter10,729,0,originDateIssued,753,6,,,,,,,,,
acTypeBookChapter10,729,0,relatedBkChptrHost,764,7,tiInfoTitle,765,1,,,,,,
acTypeBookChapter10,729,0,relatedBkChptrHost,764,7,acNamePersonalShort,767,3,namePartGiven,769,1,,,
acTypeBookChapter10,729,0,relatedBkChptrHost,764,7,acNamePersonalShort,767,3,namePartFamily,768,2,,,
acTypeBookChapter10,729,0,relatedBkChptrHost,764,7,acNamePersonalShort,767,3,nameRoleTerm,770,5,,,
acTypeBookChapter10,729,0,relatedBkChptrHost,764,7,originPlaceText,40,4,,,,,,
acTypeBookChapter10,729,0,relatedBkChptrHost,764,7,originPublisher,775,5,,,,,,
acTypeBookChapter10,729,0,relatedBkChptrHost,764,7,originDateIssued,776,6,,,,,,
acTypeBookChapter10,729,0,relatedBkChptrHost,764,7,partExtentStart,779,9,,,,,,
acTypeBookChapter10,729,0,relatedBkChptrHost,764,7,partExtentEnd,780,10,,,,,,
acTypeBookChapter10,729,0,relatedBkChptrHost,764,7,identifierDOI,1320,11,,,,,,
acTypeBookChapter10,729,0,relatedBkChptrHost,764,7,iDIdentifierISBN,781,12,,,,,,
acTypeBookChapter10,729,0,genreGenre,752,8,,,,,,,,,
acTypeBookChapter10,729,0,subjectTopicKeyword,762,9,,,,,,,,,
acTypeBookChapter10,729,0,abstract,758,10,,,,,,,,,
acTypeBookChapter10,729,0,noteField,760,11,,,,,,,,,
acTypeBookChapter10,729,0,typeResc,751,13,,,,,,,,,
acTypeBookChapter10,729,0,langLanguageTermText,754,14,,,,,,,,,
acTypeBookChapter10,729,0,copyright,788,22,copyCopyStatement,797,1,,,,,,
acTypeBookChapter10,729,0,copyright,788,22,accCCStatements,796,8,,,,,,
acTypeUnpubItem,100,0,iDIdentifierHandle,81,1,,,,,,,,,
acTypeUnpubItem,100,0,Attachment,23,2,,,,,,,,,
acTypeUnpubItem,100,0,tiInfoTitle,2,4,,,,,,,,,
acTypeUnpubItem,100,0,nameAffil,170,5,namePartGiven,3,1,,,,,,
acTypeUnpubItem,100,0,nameAffil,170,5,namePartFamily,30,2,,,,,,
acTypeUnpubItem,100,0,nameAffil,170,5,nameRoleTerm,1315,3,,,,,,
acTypeUnpubItem,100,0,nameAffil,170,5,affilAuIDUNI,1311,4,,,,,,
acTypeUnpubItem,100,0,nameAffil,170,5,affilDept,1312,5,,,,,,
acTypeUnpubItem,100,0,nameTypeCorporate,32,6,namePart,34,1,,,,,,
acTypeUnpubItem,100,0,nameTypeCorporate,32,6,nameRoleTerm,1314,3,,,,,,
acTypeUnpubItem,100,0,originDateIssued,43,9,,,,,,,,,
acTypeUnpubItem,100,0,genreGenre,72,10,,,,,,,,,
acTypeUnpubItem,100,0,subjectTopic,145,11,,,,,,,,,
acTypeUnpubItem,100,0,abstract,5,12,,,,,,,,,
acTypeUnpubItem,100,0,noteField,50,13,,,,,,,,,
acTypeUnpubItem,100,0,noteRef,192,14,,,,,,,,,
acTypeUnpubItem,100,0,IDidentifierDOI,188,15,,,,,,,,,
acTypeUnpubItem,100,0,IDidentifierURI,189,16,,,,,,,,,
acTypeUnpubItem,100,0,relatedItemSeries,1373,17,title,1374,1,,,,,,
acTypeUnpubItem,100,0,relatedItemSeries,1373,17,partNumber,1375,2,,,,,,
acTypeUnpubItem,100,0,relatedItemSeries,1373,17,identifierISSN,1376,3,,,,,,
acTypeUnpubItem,100,0,relatedItemSeries,1373,17,seriesID,1377,4,,,,,,
acTypeUnpubItem,100,0,typeResc,70,18,,,,,,,,,
acTypeUnpubItem,100,0,langLanguageTermText,79,19,,,,,,,,,
acTypeUnpubItem,100,0,copyright,155,28,copyCopyStatement,146,10,,,,,,
acTypeUnpubItem,100,0,copyright,155,28,accCCStatements,96,11,,,,,,
acTypeUnpubItem10,389,0,iDIdentifierHandle,428,1,,,,,,,,,
acTypeUnpubItem10,389,0,Attachment,450,2,,,,,,,,,
acTypeUnpubItem10,389,0,tiInfoTitle,390,3,,,,,,,,,
acTypeUnpubItem10,389,0,nameAffil,392,4,namePartGiven,393,1,,,,,,
acTypeUnpubItem10,389,0,nameAffil,392,4,namePartFamily,394,2,,,,,,
acTypeUnpubItem10,389,0,nameAffil,392,4,nameRoleTerm,395,4,,,,,,
acTypeUnpubItem10,389,0,nameAffil,392,4,affilAuIDUNI,1360,5,,,,,,
acTypeUnpubItem10,389,0,nameAffil,392,4,affilDept,1361,6,,,,,,
acTypeUnpubItem10,389,0,nameTypeCorporate,405,5,namePart,406,1,,,,,,
acTypeUnpubItem10,389,0,nameTypeCorporate,405,5,nameRoleTerm,407,2,,,,,,
acTypeUnpubItem10,389,0,genreGenre,412,6,,,,,,,,,
acTypeUnpubItem10,389,0,originDateIssued,413,7,,,,,,,,,
acTypeUnpubItem10,389,0,abstract,418,8,,,,,,,,,
acTypeUnpubItem10,389,0,subjectTopic,422,9,,,,,,,,,
acTypeUnpubItem10,389,0,noteField,421,10,,,,,,,,,
acTypeUnpubItem10,389,0,noteRef,420,11,,,,,,,,,
acTypeUnpubItem10,389,0,tableOfContents,419,12,,,,,,,,,
acTypeUnpubItem10,389,0,IDidentifierDOI,426,13,,,,,,,,,
acTypeUnpubItem10,389,0,IDidentifierURI,427,14,,,,,,,,,
acTypeUnpubItem10,389,0,typeResc,411,15,,,,,,,,,
acTypeUnpubItem10,389,0,langLanguageTermText,414,16,,,,,,,,,
acTypeUnpubItem10,389,0,copyright,430,26,copyCopyStatement,439,1,,,,,,
acTypeUnpubItem10,389,0,copyright,430,26,accCCStatements,438,2,,,,,,
acWebpagePart,1430,0,ezid,1548,1,,,,,,,,,
acWebpagePart,1430,0,identifierHDL,1431,2,,,,,,,,,
acWebpagePart,1430,0,attachment,1432,3,,,,,,,,,
acWebpagePart,1430,0,title,1433,4,,,,,,,,,
acWebpagePart,1430,0,namePersonal,1434,5,namePartGiven,1435,1,,,,,,
acWebpagePart,1430,0,namePersonal,1434,5,namePartFamily,1436,2,,,,,,
acWebpagePart,1430,0,namePersonal,1434,5,role,1437,3,,,,,,
acWebpagePart,1430,0,namePersonal,1434,5,nameID,1438,4,,,,,,
acWebpagePart,1430,0,namePersonal,1434,5,affiliation,1439,5,,,,,,
acWebpagePart,1430,0,nameCorporate,1440,6,namePart,1441,1,,,,,,
acWebpagePart,1430,0,nameCorporate,1440,6,role,1442,2,,,,,,
acWebpagePart,1430,0,originInfoPlace,1115,7,,,,,,,,,
acWebpagePart,1430,0,originInfoPublisher,1116,8,,,,,,,,,
acWebpagePart,1430,0,originInfoDateIssued,1443,9,,,,,,,,,
acWebpagePart,1430,0,originInfoEdition,1444,10,,,,,,,,,
acWebpagePart,1430,0,relatedItemHost,1445,11,host_title,1446,1,,,,,,
acWebpagePart,1430,0,relatedItemHost,1445,11,originInfoDateIssued,1453,5,,,,,,
acWebpagePart,1430,0,relatedItemHost,1445,11,identifierURI,1456,8,,,,,,
acWebpagePart,1430,0,RIOXX,1512,12,Funder,1513,1,,,,,,
acWebpagePart,1430,0,RIOXX,1512,12,Grant,1514,2,,,,,,
acWebpagePart,1430,0,genre,1463,13,,,,,,,,,
acWebpagePart,1430,0,subject,1464,14,,,,,,,,,
acWebpagePart,1430,0,FAST,1601,15,FASTSubject,1602,1,,,,,,
acWebpagePart,1430,0,FAST,1601,15,FASTURI,1603,2,,,,,,
acWebpagePart,1430,0,abstract,1465,16,,,,,,,,,
acWebpagePart,1430,0,note,1466,17,,,,,,,,,
acWebpagePart,1430,0,typeOfResource,1467,18,,,,,,,,,
acWebpagePart,1430,0,language,1468,19,,,,,,,,,
acWebpagePart,1430,0,copyright,1469,20,copyrightNotice,1470,1,,,,,,
acWebpagePart,1430,0,copyright,1469,20,creativeCommonsLicense,1471,2,,,,,,
acWebpagePart,1430,0,tombstone,1599,21,tombstoneList,1600,1,,,,,,
acWP,94,0,iDIdentifierHandle,1310,1,,,,,,,,,
acWP,94,0,Attachment,23,2,,,,,,,,,
acWP,94,0,tiInfoTitle,2,3,,,,,,,,,
acWP,94,0,nameAffil,170,6,namePartGiven,3,1,,,,,,
acWP,94,0,nameAffil,170,6,namePartFamily,30,2,,,,,,
acWP,94,0,nameAffil,170,6,nameRoleTerm,1315,3,,,,,,
acWP,94,0,nameAffil,170,6,affilAuIDUNI,1311,4,,,,,,
acWP,94,0,nameAffil,170,6,affilDept,1312,5,,,,,,
acWP,94,0,nameTypeCorporate,32,7,namePart,34,1,,,,,,
acWP,94,0,nameTypeCorporate,32,7,nameRoleTerm,1314,3,,,,,,
acWP,94,0,originPlaceText,1313,8,,,,,,,,,
acWP,94,0,originPublisher,9,9,,,,,,,,,
acWP,94,0,originDateIssued,42,10,,,,,,,,,
acWP,94,0,relatedItemSeries,93,11,tiInfoTitle,2,1,,,,,,
acWP,94,0,relatedItemSeries,93,11,partNumber,89,3,,,,,,
acWP,94,0,relatedItemSeries,93,11,seriesID,1364,4,,,,,,
acWP,94,0,genreGenre,72,12,,,,,,,,,
acWP,94,0,subjectTopicKeyword,15,13,,,,,,,,,
acWP,94,0,abstract,5,14,,,,,,,,,
acWP,94,0,noteField,1367,15,,,,,,,,,
acWP,94,0,typeResc,70,17,,,,,,,,,
acWP,94,0,langLanguageTermText,79,18,,,,,,,,,
acWP,94,0,copyright,155,29,copyCopyStatement,146,10,,,,,,
acWP,94,0,copyright,155,29,accCCStatements,96,11,,,,,,
acWP10,592,0,iDIdentifierHandle,81,1,,,,,,,,,
acWP10,592,0,Attachment,661,2,,,,,,,,,
acWP10,592,0,tiInfoTitle,593,3,,,,,,,,,
acWP10,592,0,nameAffil,1304,4,namePartGiven,1305,1,,,,,,
acWP10,592,0,nameAffil,1304,4,namePartFamily,1306,2,,,,,,
acWP10,592,0,nameAffil,1304,4,nameRoleTerm,1307,3,,,,,,
acWP10,592,0,nameAffil,1304,4,affilAuIDUNI,1308,4,,,,,,
acWP10,592,0,nameAffil,1304,4,affilDept,1309,5,,,,,,
acWP10,592,0,nameTypeCorporate,608,6,namePart,609,1,,,,,,
acWP10,592,0,nameTypeCorporate,608,6,nameRoleTerm,610,2,,,,,,
acWP10,592,0,originPlaceText,40,7,,,,,,,,,
acWP10,592,0,originPublisher,620,8,,,,,,,,,
acWP10,592,0,originDateIssued,621,9,,,,,,,,,
acWP10,592,0,relatedItemSeries,633,10,tiInfoTitle,634,1,,,,,,
acWP10,592,0,relatedItemSeries,633,10,partNumber,635,2,,,,,,
acWP10,592,0,relatedItemSeries,633,10,seriesID,1418,3,,,,,,
acWP10,592,0,genreGenre,615,12,,,,,,,,,
acWP10,592,0,abstract,626,13,,,,,,,,,
acWP10,592,0,noteField,1417,14,,,,,,,,,
acWP10,592,0,subjectTopicKeyword,630,15,,,,,,,,,
acWP10,592,0,typeResc,614,16,,,,,,,,,
acWP10,592,0,langLanguageTermText,622,17,,,,,,,,,
acWP10,592,0,copyright,642,28,copyCopyStatement,651,1,,,,,,
acWP10,592,0,copyright,642,28,accCCStatements,650,8,,,,,,